{
  "hash": "f2c047cd",
  "configHash": "4b099360",
  "lockfileHash": "5bcd8bcd",
  "browserHash": "1a52202f",
  "optimized": {
    "@angular/core": {
      "src": "../../../../../node_modules/@angular/core/fesm2022/core.mjs",
      "file": "@angular_core.js",
      "fileHash": "43e3d118",
      "needsInterop": false
    },
    "@angular/platform-browser": {
      "src": "../../../../../node_modules/@angular/platform-browser/fesm2022/platform-browser.mjs",
      "file": "@angular_platform-browser.js",
      "fileHash": "d1beb63a",
      "needsInterop": false
    },
    "@angular/router": {
      "src": "../../../../../node_modules/@angular/router/fesm2022/router.mjs",
      "file": "@angular_router.js",
      "fileHash": "e6784b7f",
      "needsInterop": false
    },
    "@angular/forms": {
      "src": "../../../../../node_modules/@angular/forms/fesm2022/forms.mjs",
      "file": "@angular_forms.js",
      "fileHash": "ddf4890c",
      "needsInterop": false
    },
    "@angular/common/http": {
      "src": "../../../../../node_modules/@angular/common/fesm2022/http.mjs",
      "file": "@angular_common_http.js",
      "fileHash": "24c8d826",
      "needsInterop": false
    }
  },
  "chunks": {
    "chunk-TLLT3E2W": {
      "file": "chunk-TLLT3E2W.js"
    },
    "chunk-3GBHIJKI": {
      "file": "chunk-3GBHIJKI.js"
    },
    "chunk-G5ZZSEOC": {
      "file": "chunk-G5ZZSEOC.js"
    },
    "chunk-T4EO7UJD": {
      "file": "chunk-T4EO7UJD.js"
    }
  }
}